{
  "intercept": 1.3970366358587434,
  "coef": -0.04264134506886653,
  "score_col": "game_nrfi_score"
}