{
  "intercept": 1.2469920722316405,
  "coef": -0.042497147842997934,
  "score_col": "game_nrfi_score"
}