{
  "intercept": 7.080988469310839,
  "coef": -0.17303100999259766,
  "score_col": "game_nrfi_score"
}