{
  "intercept": 1.4387510943417714,
  "coef": -0.04331341572142918,
  "score_col": "game_nrfi_score"
}