{
  "intercept": 1.5113187096929968,
  "coef": -0.04471889599707813,
  "score_col": "game_nrfi_score"
}