{
  "intercept": 0.0022511104778968455,
  "coef": 0.06801060863454415,
  "score_col": "game_nrfi_score"
}