{
  "intercept": 1.5898379085047754,
  "coef": -0.05002213864906326,
  "score_col": "game_nrfi_score"
}