{
  "intercept": 1.46700882750629,
  "coef": -0.04233558530018032,
  "score_col": "game_nrfi_score"
}