{
  "intercept": 2.237120632682882,
  "coef": -0.07242913196983278,
  "score_col": "game_nrfi_score"
}