{
  "intercept": 1.842949772444267,
  "coef": -0.06197013578490602,
  "score_col": "game_nrfi_score"
}