{
  "intercept": 0.8779841295916543,
  "coef": -0.026984724406262824,
  "score_col": "game_nrfi_score"
}